index,epoch,PSNR
1,10,29.419179640042245
2,10,29.759232639199737
3,10,29.774723835327194
4,10,30.069193406844438
5,10,30.19060725408005
6,10,30.22026302307965
7,10,30.21109792859473
8,10,30.249799304905412
9,10,30.249626548666033
10,10,30.236611537816945
